{
  "git_hash": "6e0b511",
  "timestamp": "2026-04-03T09:57:45Z",
  "config_path": "configs/main/refusal.yaml",
  "input_dir": "artifacts/activations/refusal",
  "best_layer": 15,
  "per_layer": {
    "9": {
      "val": {
        "model_name": "dense_probe",
        "split": "val",
        "roc_auc": 0.8295739348370927,
        "threshold": 0.9960856079278644,
        "achieved_fpr": 0.0,
        "tpr_at_threshold": 0.6842105263157895,
        "positive_predictions": 13,
        "layer": 9,
        "best_c": 10.0
      },
      "test": {
        "model_name": "dense_probe",
        "split": "test",
        "roc_auc": 0.9608424087123639,
        "threshold": 0.9960856079278644,
        "achieved_fpr": 0.009216589861751152,
        "tpr_at_threshold": 0.625560538116592,
        "positive_predictions": 283,
        "layer": 9,
        "best_c": 10.0
      }
    },
    "15": {
      "val": {
        "model_name": "dense_probe",
        "split": "val",
        "roc_auc": 0.8320802005012531,
        "threshold": 0.9640172963747872,
        "achieved_fpr": 0.0,
        "tpr_at_threshold": 0.7368421052631579,
        "positive_predictions": 14,
        "layer": 15,
        "best_c": 1.0
      },
      "test": {
        "model_name": "dense_probe",
        "split": "test",
        "roc_auc": 0.9480481907792772,
        "threshold": 0.9640172963747872,
        "achieved_fpr": 0.06221198156682028,
        "tpr_at_threshold": 0.8026905829596412,
        "positive_predictions": 385,
        "layer": 15,
        "best_c": 1.0
      }
    },
    "20": {
      "val": {
        "model_name": "dense_probe",
        "split": "val",
        "roc_auc": 0.8370927318295739,
        "threshold": 0.885251440828,
        "achieved_fpr": 0.0,
        "tpr_at_threshold": 0.6842105263157895,
        "positive_predictions": 13,
        "layer": 20,
        "best_c": 0.1
      },
      "test": {
        "model_name": "dense_probe",
        "split": "test",
        "roc_auc": 0.9516284019755739,
        "threshold": 0.885251440828,
        "achieved_fpr": 0.02534562211981567,
        "tpr_at_threshold": 0.7802690582959642,
        "positive_predictions": 359,
        "layer": 20,
        "best_c": 0.1
      }
    },
    "25": {
      "val": {
        "model_name": "dense_probe",
        "split": "val",
        "roc_auc": 0.849624060150376,
        "threshold": 0.9344667456260964,
        "achieved_fpr": 0.0,
        "tpr_at_threshold": 0.6842105263157895,
        "positive_predictions": 13,
        "layer": 25,
        "best_c": 0.1
      },
      "test": {
        "model_name": "dense_probe",
        "split": "test",
        "roc_auc": 0.9537723956934142,
        "threshold": 0.9344667456260964,
        "achieved_fpr": 0.01152073732718894,
        "tpr_at_threshold": 0.7152466367713004,
        "positive_predictions": 324,
        "layer": 25,
        "best_c": 0.1
      }
    },
    "31": {
      "val": {
        "model_name": "dense_probe",
        "split": "val",
        "roc_auc": 0.8320802005012531,
        "threshold": 0.9413887307830667,
        "achieved_fpr": 0.0,
        "tpr_at_threshold": 0.631578947368421,
        "positive_predictions": 12,
        "layer": 31,
        "best_c": 0.1
      },
      "test": {
        "model_name": "dense_probe",
        "split": "test",
        "roc_auc": 0.9461108470583374,
        "threshold": 0.9413887307830667,
        "achieved_fpr": 0.03456221198156682,
        "tpr_at_threshold": 0.7331838565022422,
        "positive_predictions": 342,
        "layer": 31,
        "best_c": 0.1
      }
    },
    "36": {
      "val": {
        "model_name": "dense_probe",
        "split": "val",
        "roc_auc": 0.8095238095238095,
        "threshold": 0.9832861122786,
        "achieved_fpr": 0.0,
        "tpr_at_threshold": 0.47368421052631576,
        "positive_predictions": 9,
        "layer": 36,
        "best_c": 1.0
      },
      "test": {
        "model_name": "dense_probe",
        "split": "test",
        "roc_auc": 0.9487353020189705,
        "threshold": 0.9832861122786,
        "achieved_fpr": 0.018433179723502304,
        "tpr_at_threshold": 0.7600896860986547,
        "positive_predictions": 347,
        "layer": 36,
        "best_c": 1.0
      }
    },
    "41": {
      "val": {
        "model_name": "dense_probe",
        "split": "val",
        "roc_auc": 0.8045112781954887,
        "threshold": 0.8559087993068,
        "achieved_fpr": 0.0,
        "tpr_at_threshold": 0.6842105263157895,
        "positive_predictions": 13,
        "layer": 41,
        "best_c": 0.1
      },
      "test": {
        "model_name": "dense_probe",
        "split": "test",
        "roc_auc": 0.9374625446880618,
        "threshold": 0.8559087993068,
        "achieved_fpr": 0.059907834101382486,
        "tpr_at_threshold": 0.7869955156950673,
        "positive_predictions": 377,
        "layer": 41,
        "best_c": 0.1
      }
    }
  }
}