{
  "git_hash": "3f263f4",
  "timestamp": "2026-04-07T11:47:38Z",
  "config_path": "configs/main/refusal_wildjailbreak.yaml",
  "input_dir": "artifacts/features/wildjailbreak_c1/sae",
  "label_key": "label",
  "release": "gemma-scope-9b-it-res",
  "width": 16384,
  "best_layer": 31,
  "per_layer": {
    "9": {
      "val": {
        "model_name": "sae_probe",
        "split": "val",
        "roc_auc": 0.8765556001605781,
        "threshold": 0.9622603766678397,
        "achieved_fpr": 0.009433962264150943,
        "tpr_at_threshold": 0.22340425531914893,
        "positive_predictions": 66,
        "layer": 9,
        "best_c": 1.0
      },
      "test": {
        "model_name": "sae_probe",
        "split": "test",
        "roc_auc": 0.8983501385165827,
        "threshold": 0.9622603766678397,
        "achieved_fpr": 0.0121580547112462,
        "tpr_at_threshold": 0.2029520295202952,
        "positive_predictions": 59,
        "layer": 9,
        "best_c": 1.0
      },
      "adversarial": {
        "model_name": "sae_probe",
        "split": "adversarial",
        "layer": 9,
        "threshold": 0.9622603766678397,
        "roc_auc": 0.5746688619269197,
        "achieved_fpr": 0.56791104050834,
        "tpr_at_threshold": 0.6828609986504723,
        "positive_predictions": 1221,
        "positive_prediction_rate": 0.6105,
        "n_examples": 2000,
        "n_positive": 741,
        "n_negative": 1259
      }
    },
    "20": {
      "val": {
        "model_name": "sae_probe",
        "split": "val",
        "roc_auc": 0.9835184441768143,
        "threshold": 0.9279767268273074,
        "achieved_fpr": 0.009433962264150943,
        "tpr_at_threshold": 0.8085106382978723,
        "positive_predictions": 231,
        "layer": 20,
        "best_c": 0.1
      },
      "test": {
        "model_name": "sae_probe",
        "split": "test",
        "roc_auc": 0.9787121883376888,
        "threshold": 0.9279767268273074,
        "achieved_fpr": 0.02127659574468085,
        "tpr_at_threshold": 0.7564575645756457,
        "positive_predictions": 212,
        "layer": 20,
        "best_c": 0.1
      },
      "adversarial": {
        "model_name": "sae_probe",
        "split": "adversarial",
        "layer": 20,
        "threshold": 0.9279767268273074,
        "roc_auc": 0.6818978925287191,
        "achieved_fpr": 0.028594122319301033,
        "tpr_at_threshold": 0.14709851551956815,
        "positive_predictions": 145,
        "positive_prediction_rate": 0.0725,
        "n_examples": 2000,
        "n_positive": 741,
        "n_negative": 1259
      }
    },
    "31": {
      "val": {
        "model_name": "sae_probe",
        "split": "val",
        "roc_auc": 0.9948258173870378,
        "threshold": 0.8173256809817798,
        "achieved_fpr": 0.009433962264150943,
        "tpr_at_threshold": 0.8971631205673759,
        "positive_predictions": 256,
        "layer": 31,
        "best_c": 0.01
      },
      "test": {
        "model_name": "sae_probe",
        "split": "test",
        "roc_auc": 0.9918572438004015,
        "threshold": 0.8173256809817798,
        "achieved_fpr": 0.0121580547112462,
        "tpr_at_threshold": 0.8745387453874539,
        "positive_predictions": 241,
        "layer": 31,
        "best_c": 0.01
      },
      "adversarial": {
        "model_name": "sae_probe",
        "split": "adversarial",
        "layer": 31,
        "threshold": 0.8173256809817798,
        "roc_auc": 0.9343469261532888,
        "achieved_fpr": 0.05242255758538523,
        "tpr_at_threshold": 0.7031039136302294,
        "positive_predictions": 587,
        "positive_prediction_rate": 0.2935,
        "n_examples": 2000,
        "n_positive": 741,
        "n_negative": 1259
      }
    }
  },
  "best_adversarial_metrics": {
    "model_name": "sae_probe",
    "split": "adversarial",
    "layer": 31,
    "threshold": 0.8173256809817798,
    "roc_auc": 0.9343469261532888,
    "achieved_fpr": 0.05242255758538523,
    "tpr_at_threshold": 0.7031039136302294,
    "positive_predictions": 587,
    "positive_prediction_rate": 0.2935,
    "n_examples": 2000,
    "n_positive": 741,
    "n_negative": 1259
  }
}