achieved_fpr,layer,model_name,positive_predictions,roc_auc,split,threshold,tpr_at_threshold
0.0,,tfidf_lr,19,1.0,val,0.5775822418952236,1.0
0.0069124423963133645,,tfidf_lr,369,0.9811431877828521,test,0.5775822418952236,0.820627802690583
0.0,9,dense_probe,5,0.774436090225564,val,0.9999987371006205,0.2631578947368421
0.03917050691244239,9,dense_probe,149,0.8513954041040689,test,0.9999987371006205,0.29596412556053814
0.0,20,sae_probe,7,0.8070175438596491,val,0.9987741390673619,0.3684210526315789
0.004608294930875576,20,sae_probe,237,0.9441528383377076,test,0.9987741390673619,0.5269058295964125
